# source=gaiadr3.gaia_source via astroquery.Gaia(ROW_LIMIT=-1) query="SELECT ra, dec, phot_g_mean_mag FROM gaiadr3.gaia_source WHERE 1=CONTAINS(POINT('ICRS',ra,dec),CIRCLE('ICRS',35.527547220270634,26.54777537359267,1.6)) AND phot_g_mean_mag < 14.0" fetched_utc=2026-06-17T04:24:19.210013+00:00
ra,dec,phot_g_mean_mag
35.871941857479484,25.113832666314533,13.119902610778809
35.50365891611261,24.99828220552767,13.28799057006836
35.81888382152006,25.31545659270045,12.59769344329834
35.81056265068362,25.31586403840397,13.468173027038574
34.74145281384861,25.358323436032638,13.594283103942871
35.16054956354202,25.326518524600985,13.330545425415039
35.24849387453153,25.621889631529747,13.644747734069824
36.01375629788358,25.31630989195524,13.236857414245605
36.48357201395442,25.41064718658525,9.469799995422363
36.490452177871134,25.498097958690526,10.065754890441895
36.35525939062791,25.56824047613579,11.921632766723633
36.386095253782095,25.667499184386486,12.628716468811035
36.89614715527789,25.70728168168159,12.554683685302734
36.709771112753,25.896813183373794,13.412267684936523
37.01396380991701,26.32442373369459,9.930898666381836
35.91811372365078,25.36115704455749,11.674712181091309
35.90600174738295,25.576115000671248,13.948457717895508
36.33825488673897,25.741643871611107,13.362619400024414
36.07852906061654,25.739926992099182,12.180048942565918
35.78597087691108,25.87675086903385,11.242486000061035
35.567314811207126,26.157253181398254,8.346810340881348
36.027157390828556,26.374332768722585,13.793478965759277
35.79959943497955,26.51046604530393,13.286606788635254
37.19964399304316,26.631387792907294,13.26803970336914
36.24978556036369,26.369718262828485,11.807862281799316
36.00284865766516,26.568013597685688,11.129457473754883
36.224288441244354,26.81225407397256,13.068072319030762
36.19558646091057,26.85189051119252,13.408533096313477
36.49595021531704,27.115931793035898,12.961404800415039
34.165605853642724,25.640509749115637,12.596338272094727
34.439100372001334,25.65463687262185,13.446477890014648
34.40152071644633,25.868713795517372,9.228452682495117
34.857081372292114,25.80293240813824,13.893058776855469
34.091956013206996,26.18575372031718,11.513114929199219
34.785931306257034,26.25911422760913,13.932535171508789
34.43728801843547,26.301627289986627,10.745933532714844
34.36695540534096,26.4839026406702,13.899895668029785
34.425942409179534,26.473102065277256,12.811726570129395
33.92662071102439,26.155880852920504,11.133892059326172
33.806586706117244,26.52170429784687,10.565149307250977
34.090165563019774,26.784260258609276,13.425232887268066
33.76276022380166,26.790050957926773,13.32872486114502
35.127260092860645,26.577104355401133,12.532486915588379
35.53031688073036,26.302532297946783,13.748103141784668
35.42657668739248,26.462200372471912,13.288522720336914
34.768180724904916,26.47533834596829,13.329029083251953
35.374877377341384,26.981206187069418,8.980367660522461
35.97933987455451,26.788556280076154,13.302573204040527
35.839451373255855,26.862303422577007,13.43070125579834
35.941319854761154,26.982544232047957,12.554361343383789
35.87504891031163,27.18201232217048,12.32866382598877
36.53479739299496,27.280823496914007,11.151097297668457
36.18229233342587,27.268375785942805,13.586149215698242
36.21160103766807,27.383830513970608,10.700355529785156
35.70043331836211,27.146835454438897,12.832916259765625
35.65991370874117,27.50917239783632,12.285530090332031
35.657735145617174,27.530344270437073,12.83746337890625
35.82544598058326,27.833905748781543,12.171292304992676
34.46158224536006,26.866861543975517,12.74125862121582
34.36161080861357,27.136114039278784,10.563032150268555
34.99109971288569,27.13896827359046,9.785189628601074
35.030630206686574,27.372880497833886,12.959555625915527
34.5979605010407,27.199997082638664,13.138599395751953
34.367645574799866,27.24830451113272,13.584909439086914
34.226257342528896,27.242830105758966,10.72707748413086
35.266763259153,27.46141019913882,13.16396427154541
35.09899506710457,27.77187546865259,13.492810249328613
35.576657100302846,27.768061101229996,12.018502235412598
35.69236837321355,27.89283613721797,13.884261131286621
35.43967944691791,27.973517618233465,13.759359359741211
35.41008780825638,28.083550601362884,13.133919715881348
36.97817687482975,27.027655130499575,13.13113784790039
36.81276790462439,27.58987576962015,13.982070922851562
36.6166134284203,27.579422626161502,9.756121635437012
36.60948048974173,27.789225344574948,13.556175231933594
35.72484906330952,25.003126143799616,13.32304859161377
35.92931236035398,25.177729978974913,11.850587844848633
35.16662362232118,25.2340909816743,13.532125473022461
35.575263957616066,25.04276478052429,12.416897773742676
34.92081279942179,25.08645959589121,13.18151569366455
34.83380530240694,25.293449282129252,12.836590766906738
35.053957797873686,25.755585962154882,13.778101921081543
36.80937929758416,25.48682922180485,12.786649703979492
36.462812392987885,25.244450635265544,13.295459747314453
36.21229434187322,25.520737075595253,12.595467567443848
36.44168782786028,25.518340262809467,13.836471557617188
36.508245460602744,25.602975400227468,13.241918563842773
36.441619917737775,25.79713027036873,13.231983184814453
37.26050922080352,26.244485994674744,12.08964729309082
35.666461451808345,25.69734833391237,12.443886756896973
35.86040907851563,25.902268215785373,13.893613815307617
35.720763366612964,25.995297610806585,13.346518516540527
35.324084761560215,25.789244277190324,12.461535453796387
35.38306277481069,25.874005760194066,13.784889221191406
35.836406311539555,26.529063142014696,11.514276504516602
36.52522399069208,26.069964486681204,12.042064666748047
37.100269646978376,26.471297793976788,13.898462295532227
36.66536227364696,26.630676821888898,13.020318984985352
36.46076763442601,26.553672967638587,10.389851570129395
36.19008975172072,26.621818547462603,12.351473808288574
36.29996048157666,26.759396043491407,13.158297538757324
34.44319774036252,25.412198264079198,11.68787956237793
34.12442161197281,25.61809279837339,12.247957229614258
34.78454762111802,26.014183861937386,13.677117347717285
34.18005169028228,26.163522507505117,13.805907249450684
33.862073630522026,26.080399173342457,13.2804594039917
34.13921202986629,26.32475276277703,11.576605796813965
34.02974846753194,26.391319557698406,13.499377250671387
33.983381285465995,26.40511481609728,12.706416130065918
33.78242642684724,26.748418415165897,12.186058044433594
34.03509727197477,26.921209889479808,11.43962287902832
35.003296384312684,26.45464621570873,13.193575859069824
34.91520545112152,26.713644255214792,12.249673843383789
34.7417491040409,26.627377516246693,12.759325981140137
34.60073846362989,26.74373282364758,9.434016227722168
34.826541852225894,26.686885559226567,10.883997917175293
34.975129184975515,26.858200526767888,13.999799728393555
35.210345525542124,27.210167267099166,13.5808687210083
35.91446415601185,27.108089539131438,13.824315071105957
35.96885559294632,27.317659261959356,13.236907958984375
35.53925424518161,27.41176993904065,13.342424392700195
35.55869451927474,27.505302635131844,11.917547225952148
36.0235026325296,27.748641986822534,12.639496803283691
35.09269872244219,27.266557998098182,13.133898735046387
34.26171214722676,27.525020135048834,13.248506546020508
35.450887253201635,27.632127706282194,13.813596725463867
35.03936944446749,27.64685021798991,11.340115547180176
34.85344529764882,27.602251570745153,12.086423873901367
35.38171294064918,27.737018380888475,13.281124114990234
35.65300328569607,27.844220203532444,12.460065841674805
34.805920560946085,27.649917549849956,13.878877639770508
34.971039529477544,28.009664823465247,13.990622520446777
37.195983345166184,26.79509061033227,13.216880798339844
36.99129703768094,26.96807996865712,12.289206504821777
36.772387764487725,27.624568306897785,13.327298164367676
36.30672397413958,27.591806442603833,9.435734748840332
36.14979315291262,27.847115453150696,11.071757316589355
36.235485230883256,27.981214625664244,13.64003849029541
35.99358002983538,25.13778449267809,13.687530517578125
35.85063855875256,25.117161920973288,13.272773742675781
34.951529820080594,25.062453500428973,12.8981294631958
35.208725241090136,25.55018811340199,13.9583740234375
35.39929602535075,25.52744601584367,12.16003131866455
34.86077837201402,25.578900080034668,12.662636756896973
36.59798290314441,25.350888306291992,12.37939453125
37.07888832479164,25.789821237613662,12.871770858764648
37.097692570766654,25.96280096257533,12.366852760314941
37.025587348841725,26.14085998334688,12.860708236694336
37.00494020819301,26.154325144736898,12.98784351348877
35.65408487608325,25.480468287707833,12.860600471496582
35.99111008504299,25.78934619516697,13.821903228759766
36.38901571794733,25.900634364173303,12.053157806396484
36.28544442765434,25.931389572726655,13.710570335388184
36.3717574190089,26.023002208273155,11.520401000976562
35.97159124643776,25.876918021102583,13.048574447631836
36.19165862292867,25.97541126040853,10.779685020446777
35.87063251781934,26.387842625908437,9.65341567993164
36.54014349456825,26.13515639186769,13.106836318969727
36.84026798915724,26.22995490136907,13.280284881591797
36.41080214000735,26.278846676909293,12.355985641479492
36.457198975461516,26.567996908380827,10.377361297607422
36.30663686569844,26.786142608817986,12.808984756469727
36.311675513327145,26.793527963877644,8.625232696533203
36.46490958121532,26.872905408207803,13.210808753967285
34.29346254528094,25.53600556329207,13.448887825012207
34.47320791165368,25.634966505568343,11.589908599853516
34.80424009737511,25.694636917152362,13.068869590759277
34.788447791087144,26.07537301925829,11.611812591552734
34.08027842062009,25.743208466375386,10.987262725830078
34.13184455038374,26.010712286545207,10.033507347106934
34.37218386026153,26.03905909638776,10.857996940612793
34.61473140306778,26.309102456065887,13.350055694580078
34.20218486630448,26.485553253730586,13.555540084838867
33.99913931019121,26.70343909571899,13.356409072875977
34.06231538369398,26.795009979658406,13.266664505004883
34.021245442808045,26.935562818901406,12.940762519836426
35.04215219250355,26.060474839264224,12.523794174194336
35.254260932300966,26.200522893397686,13.444944381713867
35.46213616669661,26.89989876946971,13.282455444335938
34.96452205893055,26.588500109456056,13.322993278503418
34.807056736556184,26.773598997259803,13.68439769744873
34.87653588775175,26.903155937432995,13.885387420654297
35.70217474300914,26.95205015023742,13.006937026977539
35.76896525910219,27.013971353606617,13.87498950958252
36.34404743416212,27.091756832317998,12.061607360839844
34.43540597412185,26.79115072017859,13.871479988098145
34.51229391955582,26.850470235172676,12.429240226745605
34.61080102703166,26.850136505555053,11.760554313659668
34.747556497800275,26.92105926781652,11.641402244567871
34.642678913222525,26.991094005888527,12.597707748413086
34.80940096334236,26.994823907518608,12.58802604675293
34.85620944434872,27.123763435640214,13.627307891845703
34.52481732527588,27.343358000297,13.760592460632324
34.111777246730036,26.960595917029238,13.960713386535645
33.976882466222534,27.112254996221214,11.013304710388184
33.93482653942708,27.267058010171183,13.263702392578125
34.041017342141714,27.42323960151677,13.412637710571289
34.68459993942666,27.599613378149026,9.519380569458008
34.46290050496912,27.633054225539606,11.746686935424805
35.08507885880189,27.42255546901219,11.129935264587402
35.384872537003226,27.684068242166784,13.775673866271973
35.50827862321303,27.76448828360501,13.940784454345703
35.68719778202778,27.810524075177156,12.50859546661377
35.74014024386876,27.986811674283267,12.682849884033203
35.15389808032734,28.08526066646675,12.448578834533691
36.942669098198095,26.943095652554856,11.176690101623535
36.54058447805097,27.39256884601628,12.590913772583008
36.328704322624034,27.683741172409285,7.441652297973633
36.61491974547558,27.669178626019427,11.608187675476074
36.166812065159114,27.659528439758585,7.093027114868164
36.4170324722202,27.893450107604377,12.442682266235352
36.479441316786136,27.903428841761297,13.94638729095459
36.00662999348663,27.902431929484482,12.618685722351074
35.787180297447,25.01914815526809,13.475702285766602
34.684287579896946,25.173517291847016,13.638768196105957
34.611484179132674,25.312550560391372,13.785113334655762
34.57736528466721,25.382434985965514,13.034956932067871
36.574563947873806,25.418912107811927,12.828693389892578
37.056052287745786,25.815697416335688,13.331916809082031
37.04687119399007,25.993753322791882,10.56093692779541
36.77069084406075,26.084887074611245,13.99996566772461
36.90282742140194,26.178316714396164,12.84971809387207
35.79604646400956,25.843811898884812,10.148054122924805
36.22125650000989,25.825841069860278,13.959799766540527
36.1406259793763,25.845978631319397,13.007378578186035
36.467326400487416,25.992686079756673,13.774606704711914
36.046679087038456,25.862475737760526,13.60965347290039
36.01207941670227,25.945067904973797,11.749547004699707
35.588990183627175,25.825285985162648,13.686971664428711
35.73001328260449,25.937363209793222,11.940445899963379
35.281917146983446,26.02291670937073,12.248885154724121
35.798814959634555,26.006032413242753,13.861871719360352
36.28980673659427,26.280605074648445,12.725726127624512
36.80315775115739,26.558465480215915,12.64025592803955
36.786258153681466,26.603871326746425,12.311163902282715
36.50928091656923,27.067144965052446,13.610158920288086
34.40054175284582,25.698624364944198,13.800207138061523
34.30071263612097,26.084952090534593,9.321968078613281
34.31923132967511,26.283432388070352,10.62116813659668
34.23958001191039,26.39420084984801,12.875039100646973
33.817940574759426,26.557365613070463,11.987244606018066
33.89856627295471,26.62540113891449,13.629576683044434
33.91531330273064,26.646818369641824,8.074172019958496
34.070402614314155,26.863533468354714,13.717999458312988
33.89963601221613,27.07267394378604,13.825913429260254
35.08532018710608,26.215810885065704,13.987138748168945
35.62962610338971,26.470798947923154,13.953734397888184
35.47289367480724,26.662168095814387,12.942150115966797
35.44299282536298,26.7879778472058,12.873530387878418
34.63141459122901,26.713913343008425,12.267898559570312
35.09543013871212,26.781878192711023,13.82158088684082
35.306017682946724,26.926377227874735,13.867806434631348
34.8835398596371,26.93185478121314,13.785771369934082
35.077008834928336,27.068333277316285,13.996173858642578
35.99402248208253,26.754770221698394,12.259820938110352
35.5774346990704,27.08485250733268,13.918481826782227
35.65985234027125,27.214411854107315,13.955584526062012
35.29416769323544,27.399852630687768,8.555362701416016
35.48033183183571,27.492872392480088,11.724162101745605
35.781593048928805,27.506211143246947,12.973702430725098
34.60761079826073,27.13971370546124,13.58854866027832
34.59328844333984,27.232200364444715,13.888267517089844
34.76310762883318,27.48646591023705,9.978931427001953
34.37437814485556,27.217625869500836,13.686429023742676
34.52756351471892,27.53249325836333,12.911754608154297
34.549324164617914,27.821706228044647,10.777831077575684
35.46642912982366,27.648652236017902,13.665338516235352
34.986840544747636,27.81586984486164,10.742789268493652
35.11918400027042,28.08673237891483,13.327778816223145
37.11483755457689,26.889583507330137,12.174596786499023
37.107239068218135,26.986349806323915,9.230842590332031
36.61862072420593,27.330065341082953,12.798406600952148
36.687232098206145,27.669939156114452,13.353979110717773
36.397693575092376,27.536091547718286,11.306305885314941
36.548694008180306,27.70489335515481,10.420103073120117
35.853993072356886,28.077762503772068,12.315342903137207
34.951830133119515,25.062588739296057,12.383100509643555
35.668708998870585,25.455477985784498,13.626199722290039
35.52030679201713,25.583129216133063,13.82994270324707
34.897939669807606,25.299245734351395,13.094061851501465
34.63727796075282,25.299005646260394,11.565682411193848
35.07030816582046,25.68009354223086,13.050030708312988
35.021490344750546,25.74437806053439,11.922386169433594
36.44968384573331,25.221962950024487,13.043143272399902
36.86081241647087,25.708806138552738,12.509173393249512
36.83810697018711,25.724582300441377,12.669965744018555
37.11677821311868,25.842194531861267,13.553177833557129
37.10490783191234,25.991863186822233,12.535825729370117
37.07736928010467,26.075267236372003,12.844817161560059
35.855685894441315,25.36122351107058,13.983038902282715
35.78310669256197,25.471433709668766,13.609813690185547
36.02106726754211,25.499813225484164,11.843255996704102
35.74079555122121,25.777876388759555,12.575873374938965
36.46767614433169,26.013828582771254,12.640304565429688
36.090058532772154,26.102499407396962,13.999616622924805
36.20768625653001,26.155071777049432,12.743097305297852
35.26112967489211,25.97242465620922,13.778541564941406
35.57576134562399,26.043658026527712,12.566994667053223
35.822579247498766,26.00960971208302,13.650132179260254
36.83259811688722,26.352856073426725,13.056666374206543
36.68417994079929,26.33843537180303,13.940889358520508
36.546449640346616,26.48772288523863,13.676912307739258
37.011552662724256,26.576360617891222,13.802145957946777
36.23032735432415,26.300593908956326,13.18622875213623
36.3797685501996,26.943739495461546,13.779988288879395
36.56997230014403,27.24158134104946,13.36858081817627
34.67086353585162,25.538966563481832,11.316315650939941
34.60055903044296,25.89276566271844,11.67495346069336
34.806122886821875,26.119811071108106,13.359834671020508
34.77052435552599,26.18954744302929,13.43171501159668
34.05468431595642,25.734561735519982,12.71773624420166
34.00514241280267,25.89020703678345,12.266362190246582
34.56528247065992,26.090241341149657,13.741811752319336
34.293505718505635,26.14019685630601,10.411016464233398
33.93678582029066,26.159432797389275,13.056588172912598
33.792429265807215,26.39157993144521,11.75490665435791
34.107024329577364,26.358445956020297,13.552581787109375
33.948858615116855,26.60963674326643,13.190206527709961
35.25001851285651,26.25142679368793,13.893797874450684
35.166722303666816,26.30280455464109,10.249045372009277
35.5504133098488,26.370092155286777,11.00313949584961
35.475372876124354,26.82225485162275,13.875861167907715
34.99042437510545,26.47381316952455,13.75158405303955
35.11390372957747,26.782086717809065,13.491865158081055
35.13868001768884,27.198772332086378,11.681215286254883
35.99332838941785,26.89467904872982,13.051526069641113
35.71803860346122,26.89169794795437,13.69822883605957
35.75477465475848,26.954654976272582,13.598334312438965
35.794091181480546,26.967231152579373,13.49752140045166
35.86255904574234,27.051642039173597,8.999591827392578
35.91992022987387,27.065341760275068,13.479167938232422
35.26868332346095,27.385351339747007,11.938640594482422
35.56871965843847,27.48258373700547,13.385820388793945
34.63251397323018,26.88015942045888,13.021832466125488
34.404840121146016,26.960266600678498,13.320592880249023
34.307428296792146,27.098954949846583,10.822980880737305
34.40762291115792,27.16871944999828,12.058326721191406
35.07912143652176,27.28810526307302,12.469921112060547
34.21579624464077,27.241354974104627,13.916054725646973
34.66715529927181,27.5555663133168,12.63516616821289
34.7692288984924,27.626233412784135,13.857200622558594
35.23251170040808,27.43172204212041,12.854205131530762
35.376554176783834,27.690008129321466,12.224030494689941
34.960779987192424,27.496134323719705,13.182190895080566
34.93340165724859,27.54134869885166,11.788168907165527
35.44767185699425,27.71261663594613,13.524778366088867
35.63167710735593,27.977946075602556,13.689997673034668
35.367276479747815,28.076240359812243,13.287614822387695
34.765536838794496,27.92288845547351,13.86857795715332
37.10175253417682,26.93117913669251,13.40456485748291
37.03488718069409,26.924867129230954,12.546035766601562
36.6381174086117,27.560535005993344,13.895739555358887
36.012493282406126,28.07497145065369,13.719404220581055
35.603445244615095,25.044222967823725,12.400343894958496
35.41155098144232,25.04937645544009,13.623717308044434
34.81889974643186,25.609465215291156,12.81760025024414
34.97758438743826,25.616188452778683,13.492088317871094
34.92564374055567,25.70955725517783,12.33664608001709
36.10667732708226,25.201500589688,13.263627052307129
36.14815380504297,25.316419968527484,13.506399154663086
36.191966995633926,25.466003347268707,13.770143508911133
36.37554724410228,25.76216663346311,13.545169830322266
37.080561919915354,26.29716038302833,12.066758155822754
35.792279246555374,25.45116600201298,13.494091987609863
36.029651975349765,25.50271785571153,13.621739387512207
35.919003804825614,25.631481825085995,13.575904846191406
36.18464703468108,25.890916679870063,11.239018440246582
36.168272535284586,25.983743292707917,13.927101135253906
36.29620832984894,26.026174585101103,13.011040687561035
36.23632700443772,26.117877707864572,13.741329193115234
36.193401058247574,26.17761891835669,12.687270164489746
36.75095245275311,26.422856895009406,12.606053352355957
36.89297757165898,26.32181279554051,13.082063674926758
37.081676268280034,26.720105104204695,12.101123809814453
36.91638323754817,26.801185331793143,13.737220764160156
36.23460407499949,26.320090184508437,13.164072036743164
36.452619310876955,26.676606527702443,13.568010330200195
36.54879251555165,26.635214196793417,12.949460983276367
36.693022003161005,26.879451208013297,12.977921485900879
36.6044656231145,26.904541487542765,12.869665145874023
36.48439297444098,26.87417938093618,12.673486709594727
36.2937229235481,26.904826721439004,13.460095405578613
34.702124272186666,26.103337458866275,12.936206817626953
34.02031525092756,25.742702469385176,12.426071166992188
33.923604501529475,25.86622199550445,13.591548919677734
34.496343070937485,25.99367959046732,13.842034339904785
34.2969647548281,26.649096312513212,12.856630325317383
34.165373683664036,26.72375801557181,12.670809745788574
34.02083762666678,26.943425104943465,11.760286331176758
35.56800845381228,26.38642226856816,13.996687889099121
35.44997771790735,26.478405060622787,11.92109489440918
35.41611155220754,26.51574959711025,9.283415794372559
35.41630320791062,26.51603590525449,11.426294326782227
35.543287617596654,26.895572396507646,13.901482582092285
34.84678204627274,26.793964816604,13.777995109558105
35.16624919498386,26.62992267654474,12.67363452911377
35.30481972894363,26.819886714038066,13.191847801208496
35.330317564314775,26.867315493116067,13.273449897766113
35.44740037769651,26.922331349259792,11.469538688659668
34.95078888535037,26.938483088398655,13.274168014526367
35.78369063947895,26.72871425664123,12.57241439819336
35.81712188517091,26.74372682246389,13.398221969604492
35.70027760926045,26.99550718797414,13.31828498840332
35.88323687688138,27.165055417481536,12.828807830810547
35.55043392499972,27.53931229826563,9.15468692779541
34.99297379495239,27.338491388524023,13.907468795776367
34.69719291823918,27.397124645039245,13.524836540222168
34.00162381804832,27.16751495673571,10.93668270111084
34.453970547427495,27.474403341555515,12.783979415893555
34.41332441619152,27.504355295270287,13.347219467163086
35.65569755845638,27.983585480402784,9.12279987335205
34.76532159073704,27.92297166919336,13.581035614013672
37.273398415366216,26.90417946228664,13.99899959564209
36.697917174497185,27.345725584935032,12.788885116577148
36.68713300136191,27.38470571067565,12.896414756774902
36.89295481035975,27.348782769816744,12.855567932128906
36.95813512538339,27.47316895529801,12.5131254196167
36.37357365336096,27.742535688301132,10.731739044189453
36.16745229706901,27.895291755797516,13.236626625061035
35.89899199277498,25.241841577776665,13.023715019226074
35.555359734042014,25.014116958052867,12.94786548614502
35.3830579092286,25.110375432910455,13.777322769165039
35.40531363113536,25.511152163532724,11.759779930114746
34.83265834699828,25.224203863055603,13.879074096679688
35.39689002831233,25.614989626049034,13.649036407470703
35.28117454502933,25.575756751350315,12.697751998901367
35.29207116710424,25.643176395557788,13.885708808898926
35.19047414017935,25.820077934401642,13.756752014160156
36.85365810372154,25.501817887461847,11.627758979797363
35.97021367000915,25.199675346889737,12.18537712097168
35.99814501060562,25.221875077194436,12.968367576599121
36.613007348153566,25.468100007382915,12.330233573913574
36.86271133726992,25.649477219330667,8.103293418884277
36.68387492162514,25.646222218504345,12.761730194091797
36.34111963979289,25.53067731060351,10.552875518798828
36.86195258979835,25.82068719021331,11.156718254089355
36.00905405809178,25.531981457495952,13.9903564453125
35.64313774902876,25.52861821100537,13.143354415893555
35.790043948396814,25.548531127033748,13.296265602111816
36.12630110938662,25.7644241338057,12.94973087310791
36.26118610415119,25.97875315314837,12.809454917907715
36.24769949115938,26.00568220695857,11.477286338806152
36.21153572033888,26.060096126410773,13.61792278289795
35.70152248825553,25.948011452146375,13.89282512664795
35.55235848576331,26.04344162115612,13.819765090942383
35.50795159786911,26.070674810364867,13.897433280944824
35.84295968020777,25.992241662155035,13.805103302001953
35.67929860230178,26.151524554803917,12.333109855651855
37.07339586228504,26.559178721716076,13.565159797668457
37.12853932349086,26.739356134437767,13.125750541687012
36.91066777517698,26.682892082687708,13.165555000305176
36.090338842252606,26.390961571724787,13.08629322052002
36.32267769170654,26.607684800069457,13.827067375183105
36.779525724007776,26.937875613367556,10.863893508911133
36.66146552028191,26.92145756586691,12.379087448120117
36.33596560696202,27.03356276725666,13.961774826049805
36.64214548586497,27.154137772847516,12.053703308105469
34.59414056634234,25.637449070614927,12.039710998535156
34.44751581308863,25.91086553679747,13.915400505065918
34.918330472376404,26.088878533174988,13.680926322937012
34.220121452878786,25.935189867519494,10.72964096069336
34.25511926264557,26.380414426299737,13.512591361999512
34.38845145795501,26.38910840138396,11.864996910095215
33.86470528666019,26.251659317298977,12.089906692504883
33.84480012346127,26.299011312239866,9.564530372619629
33.887086200502175,26.425538175806366,13.343426704406738
35.21149624098355,26.14321977716489,13.31944751739502
35.40442499174603,26.461003764950913,13.670180320739746
35.813085473905964,26.623177837601627,12.215093612670898
35.63648268051243,26.67536289346168,13.902580261230469
35.43561924075698,26.71189638068632,12.309075355529785
34.96372758295221,27.009556246241438,13.66457462310791
35.99231093779715,26.80787764456628,12.431780815124512
35.737228956609414,27.090273157160002,13.631365776062012
36.24674624569311,27.08657303317553,12.82094955444336
36.056099656562935,27.19020214454212,11.821807861328125
36.0659177700214,27.330339416559156,13.899538040161133
36.084808022533124,27.49265395008888,10.35466480255127
35.43328207985514,27.3918222855432,12.560235977172852
35.551745415851364,27.526045930962535,13.229425430297852
35.96051421921833,27.60920694261012,13.593989372253418
34.609182535249815,26.85076404757594,10.072760581970215
34.78602456041147,27.052401416563946,10.682336807250977
35.047624284967746,27.35303589976095,10.184115409851074
34.60372442547886,27.157412599316384,12.7019681930542
34.056558512658064,27.14104051288283,13.272653579711914
34.15849373067195,27.495646612843164,12.903116226196289
34.58474722457705,27.40697199293083,12.176106452941895
34.45400411202017,27.51872092801365,13.087751388549805
34.291357285377394,27.543595505900107,13.871560096740723
35.11418292520269,27.5717790415002,13.926526069641113
35.13808954915596,27.643311934639502,13.906839370727539
35.69509240203541,28.088528404691843,13.533614158630371
36.61180118982866,27.247756893915025,13.230484008789062
36.63717953231948,27.57412342522734,12.965364456176758
36.078041194753105,27.785565493647624,8.468661308288574
36.07883229638194,28.009989159257714,12.517843246459961
35.65811735966686,25.03084626104164,13.718457221984863
35.462042816977814,25.143952318906134,13.6371431350708
35.5857883486566,25.1992568579893,13.668937683105469
34.941074926875544,25.322335871546233,13.364029884338379
34.73795891812074,25.48618575226177,12.988604545593262
35.048080099586215,25.478083251559283,13.0537691116333
36.178399917928076,25.393175702116746,13.955477714538574
36.88436888879074,25.629664030140482,13.077359199523926
36.588410830032075,25.613048513541255,11.38747501373291
36.74690376958223,25.694406140095932,12.70950698852539
36.92820312597789,25.83046139686903,13.198116302490234
37.05641133239181,25.846254156714352,9.218379974365234
37.135370261390555,26.38282926648887,13.354425430297852
37.03971258312422,26.329157725446308,13.133849143981934
35.94672749485769,25.75336587315755,13.737106323242188
36.219379882503006,25.813699370969108,12.947179794311523
36.22128891097811,25.930245134304688,13.242237091064453
36.306189397425534,25.966567640539335,13.392308235168457
36.27530916897249,25.985935636336404,13.57703971862793
35.502969018252344,25.867869867256697,12.845565795898438
35.57602107679399,26.024840978841105,12.9279203414917
35.464004326896855,26.08229694640219,12.157538414001465
36.057659684038036,26.192395620044284,13.273148536682129
36.06328148549802,26.19583006383042,10.21963882446289
35.685894897572716,26.40907618466817,13.316307067871094
35.86002497775454,26.32011662628448,12.891987800598145
36.92309990360266,26.376305714475706,13.642457962036133
36.97678784196712,26.598960491245503,10.934898376464844
37.02462472245897,26.70828142041442,13.290894508361816
36.83125266227726,26.68840419790498,13.229198455810547
36.879492936931,26.874819917399165,12.603529930114746
36.16224453763763,26.350449857743953,13.799991607666016
36.083615088415335,26.556111851225044,13.848827362060547
36.10837315881732,26.620907282906053,13.42463493347168
36.08198561850037,26.752985447946624,10.886886596679688
36.41270507410667,27.110382444798628,13.579859733581543
36.4764160229365,27.170560978158804,13.672919273376465
34.25146518462208,25.49020104784421,11.049551963806152
34.310744794668665,25.548033031335404,13.852389335632324
34.89734237901719,26.048295893081647,13.800633430480957
34.12846698114656,25.841277724980067,13.503984451293945
34.309905743329416,25.91080772600223,13.185420036315918
33.969508213208584,25.978385865389644,11.459465026855469
33.87155027929535,25.99405051331669,12.932262420654297
34.02448309148956,26.034841762551828,13.214936256408691
34.6011714590378,26.18688094741415,13.01014232635498
34.703822327605785,26.24830073418685,12.827220916748047
34.591942526104674,26.319922366169916,13.4952974319458
34.25814950429952,26.364342815462425,13.403653144836426
34.553102420227106,26.41502147316521,12.14997673034668
33.84349512566289,26.06532200221256,13.92719554901123
33.75701303492777,26.494129045963106,13.874903678894043
33.926848023551635,26.520637900509893,13.65271282196045
35.226974934311585,26.232745143866364,13.289627075195312
34.91741848786818,26.35405583172659,13.246672630310059
35.20892496352869,26.456387331488678,11.761598587036133
35.27465534105426,26.603270772017538,13.175755500793457
35.63260414634275,26.738090801213925,13.446906089782715
34.953485637558686,26.484621420858232,11.334575653076172
34.82895669813367,26.59509968900985,11.022960662841797
34.72210573258449,26.724756141322846,12.58883285522461
35.317693681850905,26.840950335510083,13.202995300292969
35.31207241662102,26.886898482663625,13.077168464660645
35.29392270551012,26.953563134961037,13.709589004516602
35.02188400716715,27.0908330322596,13.006942749023438
35.66053296456043,26.83167407517322,11.934806823730469
35.841259540037456,27.053228032383178,11.11629581451416
35.83387995240961,27.253830346604385,13.754560470581055
36.15911785665045,27.46331802935134,12.471595764160156
35.477074004821596,27.148602174759166,13.09676742553711
36.123442517816216,27.642454745473913,13.856490135192871
35.7070641192058,27.510732083580667,13.995637893676758
36.00586102268505,27.805215958089793,13.149245262145996
35.900516564000185,27.773842455472963,12.15621280670166
34.41936713662543,27.057058120480807,13.96747875213623
34.51432263012018,27.0796327803986,12.626909255981445
34.6084861716796,27.124804510730673,13.041897773742676
34.895942860733165,27.158647405613173,13.148280143737793
34.795715141490675,27.367478563260878,13.746227264404297
34.05334634524453,27.02691551110937,8.475655555725098
34.511776268007026,27.813813585254923,13.468520164489746
34.869917546735046,27.581103397111598,13.95111083984375
35.206533320365466,27.795637731282717,10.97672176361084
35.457402698224335,27.72604979169554,13.818632125854492
35.667389408134845,27.77789784851571,12.154764175415039
35.59993642942305,27.956708516716528,13.75719165802002
35.23577103785438,27.89113414249774,12.533214569091797
34.9915664481801,27.92667900171738,13.196505546569824
37.22932869006715,26.722902391853783,13.612772941589355
37.23344840099557,26.909070428532722,13.214176177978516
37.08995616006191,26.844633497783004,13.690279006958008
37.02736514659306,27.070160986183087,12.442060470581055
36.46681777361462,27.685638178885664,12.684691429138184
36.121969077849414,27.887632622836772,13.68113899230957
35.89657270242798,25.156553638360965,10.814525604248047
35.47924424170962,25.098482131657427,13.821366310119629
35.45856904628496,25.542913820716503,12.750436782836914
34.927787402192024,25.482713189271557,12.712646484375
36.34017315902615,25.20998947430838,13.44185733795166
35.96425333726878,25.21700566847938,13.066104888916016
36.133281449107905,25.3764276235984,12.14262866973877
36.42060793322056,25.502987467036686,11.923431396484375
36.512626041365586,25.74391796026581,8.823606491088867
36.81858447137162,25.770030505690436,11.062304496765137
36.97902962684595,26.00419200035219,9.939728736877441
37.16178987619262,26.155380700699826,13.403590202331543
37.21442619024181,26.534172588401127,13.89221477508545
35.87060476954125,25.293814826489506,11.238012313842773
35.83209499190669,25.83795031596305,9.544515609741211
35.65392050787264,26.020758213168904,13.575549125671387
35.57267861464984,26.24653769680557,8.599961280822754
35.9903647590713,26.451526520912804,12.954374313354492
36.769254853270844,26.76252893675017,13.308998107910156
34.503779913248614,25.83823538399646,10.760839462280273
34.73989012917929,25.724636685271875,13.129195213317871
34.00567188999405,26.316965306815284,13.025691032409668
33.896601453238596,26.26215952510638,13.147439956665039
34.08629239989385,26.30528153521925,13.978135108947754
34.06855802060194,26.52414995267184,12.731971740722656
35.30075075676102,26.13153154771844,12.54468822479248
35.48557669369405,26.531876798683612,11.378560066223145
35.6388747472836,26.6495997044294,13.427870750427246
35.136689372019674,26.82128002290419,12.287564277648926
35.05052980671449,27.098085417747953,13.912582397460938
35.82784050387936,26.715549611545395,12.343932151794434
35.97509963600083,26.74512018581038,12.423528671264648
35.840252511292086,26.76367914785451,12.784184455871582
35.34719134534369,27.305512214104507,12.357529640197754
36.05629536351979,27.69336794906666,11.327302932739258
35.52853489761922,27.60372063890914,7.518601417541504
34.524414341084224,26.79754761196193,13.172847747802734
34.46454536112528,26.80992452783066,13.921279907226562
34.88615394034965,27.325533939517147,13.471525192260742
34.206429463925524,27.05019168794678,13.164839744567871
34.15518515412712,27.445623472679316,13.200443267822266
34.54863657919279,27.5264306154726,13.677193641662598
34.26712789674374,27.6471723288508,13.847094535827637
35.06298032729427,27.860474470943945,10.07945728302002
35.129606574948106,27.89093302520511,13.941879272460938
35.58703573982689,27.89028271214028,12.609748840332031
35.60341055312187,27.94078485386433,12.001858711242676
35.635570505229076,28.038842243391777,11.332263946533203
34.95126396741393,28.008270664241596,12.401517868041992
36.88485223951621,27.2533121207278,11.855189323425293
36.35660491250549,27.809553305903712,13.627727508544922
35.842690212675095,28.10194138526308,13.147167205810547
35.87742969898564,25.003762615257596,13.577112197875977
35.89236167164165,25.05589562820455,13.560469627380371
34.893271234738016,25.068873625283068,13.119734764099121
34.92822894114997,25.08142281844561,13.66335391998291
34.97373428708233,25.48822697750548,13.65261173248291
34.93873886766596,25.696257693178094,13.234148979187012
36.375182787757616,25.438402430873925,11.787858963012695
36.25779563472389,25.486944289201112,7.5905656814575195
36.703171807093526,25.652054704352437,13.56099796295166
36.560689901056996,25.63123328325881,12.91899299621582
36.62210312204959,25.874715000379382,13.614771842956543
37.04562548313238,26.005399315738774,12.918387413024902
35.74326387909202,25.73283307341195,12.449127197265625
35.81074433361164,25.921465624998678,12.895574569702148
35.672607458178376,26.049200136524732,12.859332084655762
35.93604416207883,26.526897438938473,13.751513481140137
36.355767928024086,26.15503628674517,12.565169334411621
36.93135636015984,26.305280992045166,8.739483833312988
36.21392336625245,26.5287077230319,13.88988971710205
36.377711651696444,26.60796296287605,13.079587936401367
35.94358954128394,26.60410402245487,11.689298629760742
34.629926066936434,25.74278350917623,13.545939445495605
34.37693064856938,25.771252018483384,13.211298942565918
34.64766440216964,25.811771003492023,11.485047340393066
34.83529207467066,26.238383744982162,13.392143249511719
34.00154265820321,26.151523763231804,13.300308227539062
34.35523009155396,26.163227882522577,13.895182609558105
34.60688192110549,26.150918051528155,12.922810554504395
34.5650920414563,26.217099495515395,12.548563003540039
35.14371035530641,26.18560820166305,12.174341201782227
35.26444759839879,26.236629154990673,13.648652076721191
35.021939272814244,26.238229463786794,12.55424976348877
35.7892908643539,26.644966528554765,13.564240455627441
35.644694119462415,26.65234436846531,11.105775833129883
35.4546181538124,26.644663748441037,12.651541709899902
34.959233758828525,26.477810422915006,12.569549560546875
35.7281844315073,27.04753990054462,13.679917335510254
35.49391566691339,27.131908666877454,13.986351013183594
35.43067786937077,27.46950030319672,13.08077335357666
36.11452121727909,27.613165959735955,13.40170955657959
35.8594037747834,27.866888567728033,13.933242797851562
34.612000265782285,26.804865518820726,13.297014236450195
34.35523345204813,26.95920654330296,11.470973014831543
34.69231622286791,27.173592690410775,12.02267837524414
34.76806867972958,27.552331555900277,12.190924644470215
33.93592320346533,27.119401646443595,13.071500778198242
34.25878877145801,27.325212235701034,12.321279525756836
34.483802067174196,27.533390762960302,11.010377883911133
35.02395813337921,27.701116111623126,12.997123718261719
35.530256571744644,27.81191050810186,13.89294147491455
35.741280172021014,27.99197875457362,13.04314136505127
35.33317973085656,27.997632946479786,13.637632369995117
34.646473317551354,27.91073473412532,12.995880126953125
37.28580279693494,26.740822078179722,12.753215789794922
36.99768482887232,26.901076779300944,13.39553451538086
37.22482712081038,27.062071439041116,12.881858825683594
36.869635493798974,26.994072108280704,8.423338890075684
35.94991360894482,27.88184484650879,13.188830375671387
35.93607128525172,27.950028743720114,13.325542449951172
35.9652895548684,25.044974223194636,13.569416999816895
35.62282408048215,24.98534602902251,13.049151420593262
35.358648184077325,25.112133046690886,12.464224815368652
35.60283369833816,25.411094801121045,13.800189018249512
35.54555143029056,25.49752704887379,11.223550796508789
34.700929443335106,25.333645228343237,13.833486557006836
35.19226481172721,25.68454525905776,13.678732872009277
35.156516799662,25.86558293729412,13.990166664123535
36.46882369851622,25.349972940047202,12.816349983215332
37.042757837467,25.787930777194532,12.278416633605957
36.78001200504778,25.81367187854687,11.790327072143555
37.039938036401395,25.86471856515209,13.503813743591309
37.0778016143297,25.938610345779757,13.995052337646484
37.27648962659844,26.23160948393395,13.712556838989258
35.91027126833286,25.492355482295682,12.385793685913086
36.05998775583829,25.542485437083172,13.757773399353027
35.57200782942624,25.55953004315373,12.228555679321289
35.747949127493285,25.812725716688544,13.435124397277832
36.54181955843672,25.931399057409894,13.75438404083252
36.0122807558473,25.916369350636145,13.6984224319458
36.11300099855953,25.968351391448884,13.124899864196777
35.55789042117289,26.149294262213527,12.86621379852295
35.39448452122401,26.073606461080626,13.653422355651855
35.49236986181957,26.10220000421998,13.537569046020508
35.477519436919266,26.196802270790194,13.299012184143066
35.99625556627993,26.22781210806417,13.101048469543457
35.570118767135625,26.268872977783232,8.27582836151123
35.69502614197278,26.34170962129771,12.785367965698242
36.511065159905186,26.082894055849714,13.15286636352539
36.68458843137737,26.200073473119836,11.393580436706543
36.51448040756867,26.274415520075827,13.013952255249023
36.972247080408124,26.35015166030589,12.667734146118164
36.931257879440196,26.4941078073446,9.692277908325195
36.95213150483483,26.623905702969157,13.955946922302246
36.79711874366782,26.64770329392727,11.749542236328125
36.22374654583863,26.685818188522823,12.820626258850098
36.70953720242206,26.90267751560148,13.702131271362305
36.44569467124064,27.000755341879113,13.411066055297852
34.577242879767994,25.557519421768614,12.06609058380127
34.70969715192735,25.600724692641798,11.540087699890137
34.61413008287529,25.745585380878754,13.747021675109863
34.3078814136264,25.70434845678976,13.376097679138184
34.72086876806679,25.70937002853466,13.98541259765625
34.87970983726587,25.902889798589705,13.241816520690918
34.60540261722746,25.81083277589905,13.628246307373047
34.84406784609053,26.04270240647493,9.965648651123047
34.02433752578733,25.99272137313497,11.536033630371094
34.45873541034267,26.065563294868525,13.785039901733398
34.62158451514671,26.27883574780819,12.876263618469238
34.23299204547017,26.35398598881184,13.416472434997559
33.87730138302623,26.135867979005,13.627730369567871
33.93426508065199,26.676147032729595,12.937421798706055
34.07509152551548,26.887757970630364,12.522889137268066
33.75605898077436,26.65384411529675,12.484902381896973
33.7783755429795,26.667417830546995,12.053458213806152
33.9487572279611,26.855519062413798,13.142292022705078
35.35134627597183,26.249705818520507,13.708477973937988
35.29635766703589,26.269456479131286,13.28583812713623
35.42863188756165,26.386407780572632,13.593783378601074
35.6995948974788,26.568231706460654,13.983243942260742
35.58766732621258,26.667032929162033,11.633983612060547
35.279399293147605,26.52852898602323,13.810275077819824
35.25385461841942,26.91729629730037,13.101983070373535
35.230366751942256,27.120253668573557,12.11666202545166
35.677754781238804,26.85827262705117,12.814587593078613
35.58846793538117,26.906127368346528,12.591115951538086
35.51485504485188,26.943001541623822,12.670528411865234
36.17067386320017,27.00761306804297,13.309775352478027
36.224380259098496,27.58653612788588,13.635945320129395
35.6986204994275,27.31009676975765,13.117823600769043
35.40034133581922,27.4767363597578,13.655824661254883
34.684175748932226,26.85339453254129,13.637361526489258
34.77537090373036,27.0268484541057,13.792898178100586
33.99513005299178,27.06886101145054,12.140063285827637
34.31868951055623,27.21701157626445,12.534255981445312
34.49061807352473,27.461788875874884,12.822270393371582
34.519256812494106,27.53159589706933,9.909749031066895
35.2815126982541,27.543589885846625,12.807441711425781
35.62469576353872,27.771336681443547,12.713629722595215
35.70243479360393,28.016920642230467,13.717766761779785
35.26450008500649,27.998564127645643,13.684138298034668
36.489277147966554,27.405744769261304,10.256834030151367
36.55553707044435,27.536754589855867,13.250164031982422
36.672563444462064,27.515032847609596,13.838424682617188
36.004891555177224,28.015016778698346,13.4909029006958
36.02514556461701,28.08150336060125,13.775278091430664
36.14843487701685,28.0355942249956,13.424924850463867
35.70377348063342,25.294060197626447,11.174510955810547
35.63132987107314,25.308289101677694,11.42647647857666
34.71971395872949,25.263548138990807,13.77385139465332
34.68005660851853,25.370885756228883,12.847941398620605
35.01234432046106,25.421287420504004,13.747418403625488
35.03137841793633,25.71479066956865,12.960887908935547
35.200375950891626,25.79317476941897,13.706893920898438
36.741668011461876,26.040698967698013,6.874980926513672
36.89291886961072,26.106300968655997,13.876532554626465
37.128331430128334,26.312887458130394,13.878151893615723
37.24179149011584,26.41916937522848,12.352789878845215
37.23410179753962,26.57503498818269,12.209275245666504
35.86259430898511,25.562579498908207,13.789358139038086
36.0205891589832,25.499208555640898,12.140399932861328
36.212700564765335,26.178278761342693,13.867852210998535
35.37774796072829,25.86143179449842,11.81879997253418
35.44888982426985,25.903624687366836,13.648004531860352
35.56679659377101,26.012042772440502,13.791396141052246
36.04228071166401,26.326257530272507,12.575298309326172
35.58327320479821,26.21534808700728,12.814027786254883
35.83630772248574,26.5289009981853,12.947530746459961
36.90363571191432,26.286387336565316,13.54016399383545
36.61091263874405,26.264100512775084,13.28304672241211
36.70948002444798,26.33843984814192,12.083450317382812
37.117150696618644,26.614814800543257,13.604708671569824
36.8624616612506,26.693802594576315,12.250601768493652
36.24572667456619,26.779414674442194,13.011061668395996
36.14125445660254,26.772718397582608,13.295026779174805
36.516760897606396,27.07202315156277,13.710641860961914
34.28878465749375,25.62868532800407,10.036897659301758
35.02198764428526,26.00568346437402,11.208309173583984
34.85954647465868,26.00156801656205,13.222862243652344
34.36580684821074,25.957789536203176,12.723664283752441
34.28996327712489,26.12548682513114,13.987358093261719
34.22776311231469,26.160397894347895,13.604745864868164
33.87095903202114,26.28966299588815,10.989538192749023
34.265973595573506,26.72351177517573,8.838932037353516
34.24643103989083,26.72998752291275,11.25527572631836
35.123940805048385,26.491390193126573,13.872441291809082
35.17955045333393,26.51703127720336,13.8643798828125
35.18586784813319,26.61727351665701,13.070967674255371
35.49659017651621,26.727171239551183,13.991727828979492
34.92798048126065,26.64564218073446,13.553740501403809
35.058301193452316,26.74085966963822,13.981953620910645
35.34656596352939,26.801066847247075,12.361029624938965
35.30918180619691,26.811789905227347,13.208028793334961
35.023756557675,26.956286863821884,11.976966857910156
35.93628388158374,26.833672380620524,11.99834156036377
36.13135626468921,26.929481635075298,13.820697784423828
36.07789719538391,26.920938142996942,11.534125328063965
35.61499037709499,27.028599831948014,13.806519508361816
35.86139445620461,27.078454282383657,10.772767066955566
36.33472566494003,27.19702406363092,11.747413635253906
36.10679586912433,27.29000975734379,13.188958168029785
35.80259911140762,27.2842807006468,13.824639320373535
35.8389330920794,27.59438655892119,13.985487937927246
35.6816551319683,27.582543872696174,11.818726539611816
35.84991036916732,27.716011606566592,11.055569648742676
35.73046543128804,27.810249005337383,13.607291221618652
34.43029568929946,26.77812038152382,13.87446117401123
34.605325009456244,26.92034259137385,13.540789604187012
34.37375289721756,27.17510832916922,13.428675651550293
34.75339815324117,27.261917021879494,13.648796081542969
34.67382941230379,27.344807548325868,12.775503158569336
34.77545095974175,27.474795105265454,13.329771041870117
34.828187211748904,27.51725287631636,13.047989845275879
34.136062432849926,27.118484577028973,13.094855308532715
34.238864497350114,27.269796433346855,13.917447090148926
34.382527534503225,27.522194249246837,11.11424732208252
34.59104042358808,27.664212816367204,12.846565246582031
35.081151568168835,27.50327663088436,13.054795265197754
35.230083023927435,27.841060578667978,12.456218719482422
35.148131894320464,27.839758498004926,12.006321907043457
35.422802514347936,27.706747259548305,12.82840633392334
34.88445582831103,27.70724068409193,11.366998672485352
36.929264404541264,27.067784937961793,12.759037017822266
36.831551779215054,27.335781049162843,13.209772109985352
36.52655713264674,27.527564448699668,13.36213207244873
36.47485032366315,27.665063555664194,11.995444297790527
36.277513404070795,27.718810445689915,13.362119674682617
36.31241870163877,27.797266911211057,13.10807991027832
36.11896737208955,27.84495751933528,12.079527854919434
35.87031608122994,28.11573389921018,11.8401517868042
34.96322601131807,25.039114392577353,11.847248077392578
35.14145492223731,25.039554214257528,12.087438583374023
35.25289902215943,25.178249701981866,11.61242961883545
35.69765193728777,25.31336847123159,11.132502555847168
35.279399053696935,25.29729806546015,13.839493751525879
35.21887055991201,25.292957350334763,11.915658950805664
35.536419647833775,25.36015771280174,13.180587768554688
35.037420537175585,25.381970646316482,13.901052474975586
35.33009964592734,25.519046485262557,13.016170501708984
35.0443637450208,25.777083544800092,13.194845199584961
35.10333571184386,25.884689580946656,12.759535789489746
36.36418490653005,25.257232624405802,13.610455513000488
36.71875990080803,25.429647892231337,13.699925422668457
36.54516091774172,25.688115524764253,12.770164489746094
36.501663109480084,25.69862202907152,13.89487075805664
36.67369986309712,25.78699114345142,11.727411270141602
36.593318972000226,25.854994287812286,13.930092811584473
36.76302888457861,25.858758771768525,11.61152458190918
36.71515943303024,25.982043375904087,13.542864799499512
36.86969721451639,26.07364988454775,11.754815101623535
35.80515613964806,25.560092581239427,9.384479522705078
35.970392762594365,25.562912687543616,13.43299674987793
36.03417090376231,26.06734594408485,12.970664978027344
36.264239370831135,26.212061472198894,12.259929656982422
35.346173266216205,26.01083582157527,13.607857704162598
36.146766379558834,26.3363269920165,13.284515380859375
36.02248690401442,26.375682693684453,13.692975997924805
35.63101371730451,26.320025512334425,13.072307586669922
35.831198221652514,26.4893623427673,12.80932331085205
36.687924237558185,26.171397296442194,13.916901588439941
36.824960037307065,26.542928144190512,12.643686294555664
36.90753426136081,26.86301320285205,13.58668327331543
36.20660386311335,26.29385892998811,11.61353588104248
36.35800753326717,26.720112969273124,13.959988594055176
36.7098610033797,27.11714258971651,9.180136680603027
36.44425206390087,27.06356365805281,11.766197204589844
34.18182642584455,25.503954308339125,11.519233703613281
34.23860687316044,25.56505987025509,13.618542671203613
34.23091141894599,25.622663339948488,13.330598831176758
34.44440902102401,25.71007072431974,13.880815505981445
35.00287435822346,26.04905855505602,13.237802505493164
34.793761307499175,26.000962052374,13.494714736938477
34.78789033379709,26.075662050378263,12.687657356262207
34.78152480224725,26.13167751397073,13.425344467163086
34.002547955979615,25.732495752619233,13.545286178588867
34.03767029661179,26.144630281935292,11.899364471435547
34.095718809482065,26.35770302512955,9.942438125610352
33.81213407175626,26.586550055391346,13.367609977722168
35.423257925578284,26.205161549797847,11.839052200317383
35.2641399866392,26.46905484322103,12.88056468963623
35.54893186824439,26.48304550229327,13.700693130493164
34.75874496489346,26.692184253129533,11.999978065490723
34.93653863938905,26.780364904820775,13.532858848571777
35.154579940097285,26.747979153321353,11.57973575592041
34.94049903466445,26.876286218853537,13.966066360473633
36.1420843168629,26.902811619359337,10.470208168029785
35.93056391684721,27.153640991427885,12.962666511535645
35.82609242782404,27.082009381003434,13.9885835647583
36.47506002148159,27.28421371812269,13.158672332763672
36.11281436964316,27.27225768764588,12.824128150939941
35.459206799255554,27.189214140021146,11.81124496459961
35.4393480786377,27.28699509812217,13.014270782470703
35.2983180597705,27.318444161186136,13.05367374420166
34.34178491752027,26.868196880894775,13.5613431930542
34.85377181097219,27.251262276013065,13.428926467895508
34.34516292039724,27.196242261793124,11.149785995483398
34.53077802160127,27.65416493493334,13.054424285888672
34.22539813748868,27.622001157951036,12.319478988647461
34.2047829873161,27.626978423455103,11.256436347961426
34.39742254577217,27.680814534774772,12.897002220153809
35.251597549183934,27.50429154541013,13.898567199707031
35.373768267109774,27.618170984769776,13.99713134765625
35.20448785461411,27.642935300221918,10.587722778320312
35.19844381070666,27.97834587804729,13.322929382324219
37.1467274313053,26.827950437835256,13.424232482910156
36.98198201493259,27.12555780016022,13.77402114868164
37.10423123658265,27.223401361754252,13.270496368408203
36.76792698998425,27.366863077930986,13.290430068969727
36.64851096636466,27.504569441976255,12.529419898986816
36.67294007688837,27.51426105445148,10.110921859741211
36.400573381693285,27.676777805269378,13.045380592346191
36.5423998149077,27.773141396890598,13.187215805053711
36.48075409019909,27.850742346326935,13.918479919433594
36.27443982464388,27.891834748955876,13.350199699401855
35.126223554090295,25.444571645009834,13.630314826965332
35.13573471739888,25.478837896361156,9.332817077636719
36.64966645837966,25.338366816381445,11.996773719787598
36.68576853000704,25.387637308526905,12.161826133728027
36.83640506677237,25.49864800030298,13.35301685333252
36.370148522717464,25.671644389006183,12.318860054016113
37.01091132190849,26.049926473421184,13.438138961791992
37.26877259617645,26.283484402576935,13.481552124023438
37.23363272841146,26.551362123131064,12.633845329284668
36.000992190632374,25.5198823157859,13.680360794067383
35.64043092867644,25.514758280228968,13.92237377166748
35.68836404029478,25.58340860179296,13.959392547607422
35.756746732716266,25.678257425181982,13.191765785217285
35.52824717143315,25.650937788108727,11.701570510864258
35.486943474618876,26.05626748884296,12.45753288269043
36.51978970624853,26.091791789911518,11.49803638458252
36.459784223319446,26.178495944194026,13.97451400756836
36.82689065851944,26.272625112685418,12.124175071716309
36.47368570952571,26.28734023157004,13.821383476257324
36.92847505633639,26.45420712082807,13.629608154296875
36.91044881948731,26.609950644684748,12.93051815032959
36.70180040301692,26.618847674595266,12.161147117614746
36.27059205085868,26.431367875101834,9.279688835144043
36.10952078828977,26.543593866745557,13.900568962097168
36.30082703783913,26.738308152852024,12.233946800231934
36.81226614776906,26.956927012789734,13.742323875427246
36.62042399851776,26.99210173527614,13.890547752380371
36.249498368771306,26.96362867258438,10.327011108398438
36.62438319294066,27.11248479579461,11.502161026000977
36.61623958000919,27.162776756746904,10.873950958251953
34.326880547935914,25.372526078090242,13.769709587097168
34.71895795411045,25.953899130673104,13.881214141845703
34.00503236471492,25.946673639681958,12.042033195495605
33.95754417160632,26.0805484718912,12.14876651763916
34.17580978876587,26.111349853415348,13.64516830444336
34.14995020293149,26.23058279419908,12.518930435180664
34.49108452234857,26.01279468015272,12.532208442687988
34.72243337479259,26.32476559212848,10.412962913513184
34.54828499224604,26.319723346648253,13.382585525512695
34.20972551218245,26.181309330176354,12.468671798706055
33.76565133416392,26.372587631830463,12.64809799194336
33.781033468083756,26.404036204507797,11.93501091003418
34.1487273599145,26.46459185204811,12.724827766418457
35.245824524657515,26.240660132723182,13.153426170349121
35.09922735352484,26.23971631944074,12.819618225097656
35.66629937871896,26.54836964649273,13.099989891052246
35.611158643827686,26.675929036519165,13.406440734863281
34.70087271579385,26.72838643132092,12.790353775024414
34.963516607900196,26.908896177238688,13.090744018554688
35.03390064430071,26.96198263605984,10.715967178344727
34.82574591766663,26.94542837202232,13.83104419708252
35.007300899630096,27.08036402622788,13.011013984680176
35.800118567170756,26.682169225048,8.08381462097168
35.77523649944874,27.677773049264356,13.698494911193848
34.19437305445065,26.887255524132993,12.539861679077148
34.54585434171188,27.047634150219633,12.959266662597656
35.050030615198956,27.260708251477652,12.248950004577637
35.02365910303653,27.302510260713245,11.767556190490723
34.61216743039942,27.301393595568708,12.921517372131348
34.08805000721904,26.960612154048285,13.509820938110352
34.471357648832516,27.331664317989535,13.301703453063965
35.34677431177912,27.705205123895677,12.525616645812988
35.042262094528354,27.51910030631628,12.17348575592041
34.92305568180905,27.5271882906888,13.621098518371582
34.917859324917124,27.596636328892675,12.956869125366211
34.96851699515497,27.73704774322983,12.306906700134277
35.55617718724588,27.748045663904083,13.1598482131958
35.21793459956208,27.96414149004239,12.28166675567627
35.241280029317004,28.123512334343204,13.681758880615234
37.14582682531089,26.82878068352644,10.878543853759766
37.068755950786425,26.977731380452116,13.769139289855957
36.66342014168333,27.415128984231387,13.674421310424805
36.40644474684766,27.64495477716442,13.70488452911377
36.37322585222774,27.74271360792367,12.658061027526855
36.57004613590297,27.71094125525158,13.821125984191895
36.23705765969021,27.971571225762666,11.901679039001465
35.15897941244808,25.23192904609466,13.779540061950684
35.53670766128452,25.16749081079608,13.647643089294434
34.81831639885065,25.19884637556888,13.033185005187988
34.96710806569092,25.46438913676508,11.544878959655762
36.10476216162722,25.19135685251263,13.526822090148926
36.442091205081894,25.611383276453353,10.943069458007812
36.56290705445125,25.903342580907438,13.979034423828125
36.779803250254844,26.0492071961227,13.412811279296875
37.00339369265869,26.18177243873577,10.974733352661133
36.866000237072114,26.227809479495125,13.005462646484375
37.194285882599544,26.231900201201345,13.14207935333252
36.00313731373086,25.776332679340925,11.361959457397461
35.79603271355805,25.733065260644622,13.027450561523438
36.238964882480694,25.78172622693806,11.14659309387207
36.35958160752568,26.05549926625798,11.842216491699219
36.26879449562049,26.201358615480398,8.957076072692871
35.53027229066502,25.739516178868485,12.36972427368164
35.79166246102739,25.973443946208423,13.83280086517334
35.48375139159118,26.09531958945638,9.897411346435547
35.70444676884086,26.362869301279122,12.924383163452148
36.42333339977218,26.098969331423444,11.318792343139648
36.35219484508159,26.39417329748465,13.354616165161133
36.01798345343645,26.578428288483032,12.31901741027832
36.13865274223433,26.59992446664092,13.380599021911621
35.99887879497015,26.685103999334398,10.518410682678223
36.34900083510769,26.805893387628963,11.263602256774902
36.72502260503244,26.794490356308653,13.822510719299316
36.43629429808171,26.82616026256152,13.848294258117676
34.48463649598366,25.580083162280328,13.691446304321289
34.744390341621326,25.793000063473524,13.781416893005371
34.86259547039051,26.217154240889208,13.66659164428711
34.04521662537871,25.927605276606517,13.978537559509277
34.3756971631379,26.0514932820287,12.057014465332031
34.32212960132524,26.092225888202673,10.683672904968262
34.22685278373201,26.2551097047087,12.330533027648926
33.86919070590908,26.17345416588805,13.481595993041992
33.828194869087774,26.474321523158547,12.333106994628906
33.953666713603425,26.996786077219987,13.660357475280762
35.243102079642654,26.054974770434185,13.219547271728516
35.422693614632806,26.462181778321437,12.660001754760742
35.782634490833445,26.636687830242284,13.309300422668457
34.96183368411854,26.550536902842975,13.429985046386719
35.15864689430285,26.719631143410517,13.438295364379883
35.73730189102679,26.907207429238564,13.669508934020996
35.950731959824054,27.05293348342676,13.509289741516113
35.97423997282969,27.08372387202768,13.039013862609863
35.813204833597844,27.166813123585698,13.686103820800781
36.3192114660752,27.333110662285346,10.549684524536133
36.18924986921226,27.382301536242196,11.48776626586914
36.30368636525542,27.412607618901276,12.708874702453613
35.875537681648645,27.472581386404475,13.762226104736328
35.75585977371312,27.604339524108454,13.859856605529785
35.61634482753158,27.694768306937377,13.956705093383789
35.825046782714,27.658340942990367,13.466251373291016
34.331048576632575,26.736336422033155,12.525349617004395
34.24097895474541,26.952246816893606,13.221421241760254
34.387963604744584,27.11409140009048,13.64905071258545
34.63296443094993,27.13629797113682,13.869087219238281
34.53697040441009,27.262849077552318,12.529218673706055
34.25685778044411,27.265403123729012,12.894634246826172
34.14778204529621,27.292105190150192,13.104069709777832
34.258751061874236,27.324638457947927,12.384908676147461
34.010443759850965,27.32896561493564,13.804051399230957
34.14736984387735,27.419009604135162,10.94046688079834
34.59671535938362,27.75352880966377,12.76724910736084
35.12311058694552,27.584744224762833,12.19153881072998
34.93705797356332,27.67727990175444,13.375831604003906
35.3873891047551,27.833725848253067,12.932933807373047
35.597269694564105,27.907523007871777,12.045979499816895
37.05358667069912,26.868131802145236,11.313403129577637
37.12639216542888,27.033307773764303,12.73885440826416
36.31747919152475,27.96372148954226,13.881474494934082
35.562273058563235,25.011942690165036,13.3833646774292
35.5827130668527,25.239372148175793,11.781240463256836
35.33809682779118,25.285685410561683,11.240317344665527
35.363332284615154,25.431996484626225,12.665517807006836
34.667946092757006,25.155769837670032,13.426624298095703
36.41829045337309,25.212450258307257,12.985302925109863
36.04403654910399,25.395676416113375,13.213104248046875
36.23923930553835,25.550791825714505,11.841381072998047
36.85689093234758,25.816764340958457,13.48721981048584
36.955498699490335,26.17499350256841,11.286296844482422
37.153109594976485,26.20393700712443,13.183826446533203
37.18388583733965,26.25587971665757,12.007678031921387
36.11003142714302,25.600408937779537,13.252128601074219
36.18804418821928,25.746304964182546,12.939597129821777
36.433064966152266,25.939381582145373,13.874772071838379
36.500010224241656,25.989623390676197,10.98886775970459
36.10686386182815,25.874097450993922,13.744489669799805
35.98753576419688,25.97309732712517,13.62329387664795
36.10320142917992,26.055766756857185,13.859869956970215
35.38630128421674,25.79696814711226,12.810762405395508
35.65031689457545,25.940909321814786,13.494104385375977
35.474196127569506,25.997283109553482,13.051660537719727
35.50721550342028,26.085853820413092,12.623003959655762
36.55544526657921,26.228492499188654,10.9818115234375
36.427864367974934,26.151624754251326,13.557633399963379
36.32402692130384,26.247923214079083,11.618754386901855
36.242932564910596,26.46223930810134,12.607069969177246
36.469108927582774,26.984375379128668,13.527641296386719
36.266400749085484,26.939580346483094,11.941396713256836
36.58902242109271,27.180433905384636,13.703426361083984
34.578471228928215,25.508533638723264,13.780923843383789
34.561580077323306,25.69794492286189,13.508634567260742
34.404036700043335,25.863221811991004,13.303085327148438
34.16926901223868,25.68609009062579,12.835070610046387
34.17666944663832,26.080052610661394,12.657355308532715
34.352600455890155,26.084794608368252,13.041011810302734
34.57402434525427,26.4549938972215,12.101078987121582
33.90401978421015,26.210719677474312,12.524188995361328
33.98378236511701,26.241626835590594,13.724469184875488
35.338780654318974,26.540595299377028,13.701396942138672
35.186539821983004,26.590558680395375,10.21570873260498
35.3508474108303,26.706430919582168,13.335443496704102
35.48719981070857,26.772220880008113,13.245376586914062
35.00636713576845,26.539057885486166,12.288525581359863
35.00663878499581,26.538124868327092,9.486410140991211
34.90737129383426,26.546328814324955,9.680923461914062
34.64032453164163,26.454706797276426,12.667362213134766
34.566246620878275,26.62647845979509,12.979082107543945
34.8452475441819,26.758683621821106,13.898588180541992
35.22825452965812,27.04127505681545,12.354022026062012
35.105144706591275,27.045131681275894,12.243377685546875
35.812277645284986,26.732391446427332,13.310738563537598
35.82923499940794,27.030760899827836,12.538460731506348
35.77676923576677,27.350224512369696,13.68083667755127
35.622397777029946,27.23201797022121,13.068319320678711
35.64498082874325,27.413592326767496,13.88114070892334
35.61632871786798,27.529912187332794,13.64625358581543
35.77344883630378,27.765749348235197,12.808636665344238
35.81837600286376,27.759701070096792,12.936056137084961
35.83264060822619,27.813677793202356,13.54419994354248
34.765716928438565,26.993433587775478,10.284514427185059
34.8287382120207,27.11357476294861,13.180248260498047
34.59608547781281,27.3802198112842,12.374890327453613
34.44687017797641,27.426336430941852,12.71728515625
34.384041409994055,27.52145328278773,12.125042915344238
35.28023336163862,27.413279389945153,10.710917472839355
35.5525872007859,27.98825605612902,13.307453155517578
35.463453929423,27.95350516414468,13.332627296447754
35.29609014701412,27.99077873152838,12.275132179260254
37.241710647065794,26.65960623564273,11.882991790771484
37.20595094243258,26.986725726500854,13.92601203918457
36.95980207072657,26.968548214287644,13.383211135864258
36.74916847607607,27.152655069824196,13.03298282623291
36.449781795574346,27.58701075531144,12.31082534790039
36.34471998429357,27.736632313426195,8.953619956970215
35.69173526544692,25.074050984492953,13.315948486328125
35.54293541919064,25.050088099175216,13.215275764465332
35.73578327298808,25.19585750063502,8.93261432647705
35.33661170606967,25.31878140448566,13.851155281066895
35.40532039641641,25.484316377680873,13.280370712280273
34.64433850460291,25.357720884253514,13.714414596557617
34.89069708577666,25.46493412003943,13.038284301757812
34.71838291954014,25.52144404939471,13.408519744873047
34.962534837327524,25.58535523949388,12.700125694274902
36.6853435610637,25.822246904516703,12.976037979125977
36.41653883044079,25.797894921133807,12.027030944824219
36.97508490930369,25.933685245311864,11.308863639831543
36.74145924366582,26.042912094430424,11.18541431427002
37.13486552267646,26.19988264609561,13.062040328979492
35.92415257914254,25.604255001895396,9.705202102661133
35.829450765173945,25.901627373744912,13.247364044189453
35.4603365642186,25.882150331576753,13.70539379119873
35.59498639978637,26.146206727400727,13.92855453491211
35.48109457271796,26.08624106287458,10.796688079833984
35.5379774542213,26.148513990677593,13.975321769714355
35.728370052335585,26.240286345462888,10.761192321777344
35.85422673389032,26.440650444084234,13.799334526062012
36.3649590375384,26.375618807012938,12.92601203918457
36.55979998735144,26.330421898397383,13.834354400634766
36.60284744701043,26.52958600628102,13.440054893493652
36.30250384559218,26.529159075783138,10.86568546295166
36.096623821345624,26.815074651667477,13.597840309143066
36.547090199206146,26.696438049297047,13.704045295715332
34.40804142533755,25.834398726903263,13.880020141601562
34.802425175809745,25.764525911277726,9.426358222961426
34.94473853383918,25.853032740672493,13.221250534057617
34.79186221851025,26.04620951981492,12.732574462890625
34.146310821373575,25.779237639370063,13.844136238098145
34.231368484248904,25.88986906141452,13.527364730834961
34.2142310758984,25.89264312829101,12.92900276184082
33.95468215123287,26.024925821720366,12.993732452392578
34.115123949985865,26.084122689106223,12.875983238220215
34.40423605891692,26.023739864037115,12.427644729614258
34.2365081963948,26.383484734053297,10.070404052734375
33.98623483856595,26.47142228478706,12.9080810546875
34.18985461117656,26.62647279101869,12.725579261779785
33.937023906288346,26.989042882992802,13.780516624450684
33.87556532399234,27.005125385237218,13.800413131713867
35.209966098345966,26.039157618963863,13.688876152038574
35.404445131748275,26.82742835799572,13.798453330993652
35.018748495163976,26.599875619912478,13.994088172912598
35.25169077209871,26.8404799601535,13.982146263122559
36.3157185988448,27.17644013797858,13.168135643005371
35.6260353994891,27.246413717940424,12.242298126220703
35.34909470690306,27.27270531896939,13.436570167541504
34.397726194931074,26.93436671250243,13.743997573852539
34.27006785872599,27.412310767201152,12.514098167419434
35.188491883385595,27.3530234355894,13.840961456298828
35.245751684372976,27.64960730617865,13.084967613220215
34.853672868638036,27.63778668788817,11.844833374023438
35.43152327407808,27.884479259285744,11.248361587524414
35.33346676688258,28.071051150530295,8.758733749389648
35.04247886446183,28.060454719034077,13.37408447265625
37.22160609239799,26.81553605361871,12.285603523254395
36.944722192526,27.243530530440744,13.350996017456055
37.055996788905276,27.270983712373777,13.967945098876953
36.68499541172827,27.297280714481634,13.785951614379883
36.66460960743799,27.396592459414332,13.104985237121582
36.76796451117043,27.519345358667515,13.425882339477539
36.12599813359721,27.766371639261873,12.815397262573242
36.33021970513418,27.851319334602735,13.513022422790527
35.35733931968793,25.382208864164003,13.64268970489502
35.56316344233567,25.397909237485198,12.813112258911133
34.91106001894274,25.112736569082077,11.369104385375977
34.87514350794629,25.36653898094329,13.087778091430664
34.8956671971057,25.51249320201026,8.015039443969727
34.82014811864035,25.529236524338327,12.318551063537598
34.874996034676904,25.569392187089168,13.36735725402832
35.21826358511429,25.681031380770673,12.813135147094727
35.133773591387055,25.742769407548387,13.866863250732422
36.15920675845343,25.15753908772312,12.824651718139648
36.35612036121452,25.326123982974295,12.456300735473633
36.1844776867731,25.313364608379302,13.349852561950684
36.24797173994886,25.389968411993607,13.949625015258789
36.60794660080544,25.803974305095682,11.660900115966797
37.03029357625014,25.72024522625014,13.706360816955566
37.02624688053733,25.76528590390115,12.925007820129395
37.086129330683896,25.91215242572488,13.834860801696777
36.71344499555395,26.052048862332494,13.395544052124023
36.99010130960289,26.072557041871914,11.80255126953125
36.124676332802366,25.727579128254398,12.5380277633667
36.08318393191154,25.88313673351614,13.822340965270996
36.12557494190191,25.919012586578308,12.059259414672852
35.46897255444254,25.78901258811279,13.756814956665039
35.404671355237674,26.091054233574916,9.204124450683594
35.82437232434774,26.266968746206167,10.336604118347168
36.56021097387919,26.104155273193633,12.77742862701416
36.819845521506046,26.255373554196137,10.599245071411133
36.83094381159122,26.522401024691852,13.318745613098145
36.84048763563758,26.802113792038995,13.694284439086914
36.13030815131409,26.475021108090086,13.67147159576416
36.34025497985856,26.723650992964725,12.179512023925781
36.14808866599666,26.718656410480058,10.480103492736816
36.182450313992376,26.793598559890025,13.59856128692627
36.49809087906054,26.796208709295634,13.641305923461914
36.84177292731527,26.928440427982597,13.237927436828613
36.78002265239604,27.012058839589407,5.611207962036133
34.406116022327225,25.564652263520536,13.81330680847168
34.48471983211664,25.57996774634865,13.72398567199707
34.905508845273545,26.068764526738715,13.818563461303711
34.16103815991839,25.679120373842615,12.484625816345215
34.48979996955068,26.43149607752873,12.947473526000977
33.97356933130346,26.17556872859084,10.479308128356934
34.02397647726534,26.576109949151995,11.601960182189941
33.95587967128334,26.813247059857872,11.000290870666504
33.89851076825364,26.984322839825627,13.973028182983398
35.16945053869664,26.30510388348787,10.464733123779297
35.09743464575813,26.473795233351392,12.4365234375
35.448810449570175,26.358027668242872,11.285347938537598
35.517303153110916,26.41966502352856,13.768590927124023
35.67890851128542,26.616901664435673,13.565047264099121
35.67735424692358,26.77200997227167,10.387928009033203
35.07106395490194,26.69704849381733,10.461585998535156
35.14327709355037,26.867886083023283,12.772428512573242
35.94334978286274,26.726833017947236,13.064227104187012
36.012369282376305,26.898905175341653,11.078359603881836
36.078084562569785,27.049437723264887,13.75032901763916
35.795169112911566,27.31218570562612,11.272998809814453
36.08814954968408,27.661210541509615,11.879842758178711
35.76849301436107,27.531082003257424,13.214590072631836
35.70556646641334,27.58509344455642,12.753642082214355
35.66448431722758,27.69405491715179,13.075178146362305
34.58097991441008,26.900963143122176,12.570720672607422
34.555230308424356,27.007974385290186,11.141301155090332
34.38356926647858,26.91237443122014,12.737968444824219
34.38587037926109,26.95900067472198,12.955190658569336
35.053180978977835,27.22625058387811,13.619863510131836
34.73267686611424,27.39709157681669,8.22972583770752
34.78481645067329,27.5595367673801,13.140944480895996
34.11111482123266,27.043245073407306,9.922012329101562
34.23064541741848,27.65170794989927,13.810079574584961
34.5482589518378,27.710923487126323,11.274863243103027
35.11135443890825,27.362066083515174,12.130192756652832
34.98090797400632,27.601375624844007,13.151001930236816
34.99315914374033,27.732008553384883,11.931741714477539
35.43981242818431,27.854876225860497,13.348645210266113
34.74768893353071,27.748389797672807,13.754633903503418
34.76255531390165,27.7506122192594,11.314238548278809
34.794163673542414,27.95240512912435,12.73045825958252
35.29386593255782,28.12849336554881,9.509881973266602
37.05084317579355,27.01914348272856,13.724496841430664
36.89526379060715,27.0815686797662,11.93283748626709
36.72341874755278,27.198223910799594,13.130884170532227
36.930024468639566,27.429841712320773,10.737972259521484
36.693424754941816,27.649125686839152,12.429494857788086
36.37646685544416,27.84888781078126,12.439172744750977
35.767593234741184,28.062514227901257,13.341958999633789
35.601988291478186,25.44827147047416,11.950778007507324
34.98147886285693,25.646355896601943,12.595417022705078
36.454562833790575,25.343442106169896,13.122716903686523
36.4988355297313,25.69695901049564,12.196955680847168
36.48010728968267,25.74201193342717,13.85666275024414
36.56766578220005,25.8421247832611,11.607328414916992
36.84512862412256,26.058098074037193,11.533707618713379
37.26509010284274,26.21244175103028,13.45637035369873
35.959578882842564,25.441449016311065,12.787261009216309
35.69407142282342,25.50828298715446,12.40162181854248
35.64118206041989,25.55229229041201,13.900397300720215
36.34693283255565,25.79452140016514,13.425178527832031
36.26995124007751,26.032557108524106,13.243965148925781
36.1942198484193,26.117198181516205,11.948077201843262
36.007147330906975,26.109181319386135,13.846624374389648
35.80996248320537,26.13879995037857,12.484366416931152
35.872985725850164,26.33985876252474,12.638431549072266
35.86878482291242,26.396572150230487,9.856010437011719
36.72838669306867,26.200081792678873,13.142995834350586
36.92360349442143,26.33942809114666,13.741201400756836
37.13328697854975,26.5644459792116,8.375249862670898
36.83428589530073,26.71905314160242,13.987582206726074
36.129764183676755,26.496792322026554,12.78366756439209
36.14058594487698,26.80576030195489,13.73138427734375
34.55282162316356,25.411921540514047,12.750068664550781
34.37744217886692,25.628333901222756,13.602519035339355
34.50372776223435,25.86524593249071,12.254337310791016
34.85279912660854,25.836188006009184,13.79755973815918
34.9309112642237,25.888053060659498,11.498808860778809
33.97516084536423,25.821692349980516,13.96574592590332
34.28899870003739,26.59251224913291,10.822011947631836
33.85666416277357,26.95014603872674,12.337689399719238
35.22729103233491,26.094477411911004,13.244935989379883
35.161376914141705,26.170925605474707,13.50876235961914
35.29099070045825,26.21019560147646,13.36960220336914
35.062363687627126,26.382235535830652,13.052069664001465
35.791362154315706,26.64996889155869,11.48012638092041
35.0036095487368,26.523423636333902,13.774925231933594
34.61309341515096,26.737397699192886,13.614631652832031
35.32308151086028,26.794973936054305,13.815003395080566
35.44572522012563,26.9149719559443,13.65042495727539
35.276146302005294,26.996456291225915,13.544966697692871
35.08221419479856,27.19017864618328,13.30905532836914
36.034365997037405,26.879943223706473,12.941007614135742
36.15005322133533,26.89671233269485,13.479012489318848
36.37306140822317,27.113630520540937,10.665863037109375
36.056091085816284,27.189942282150497,12.984561920166016
35.63287298124502,27.090295078082296,11.490687370300293
35.60649025300615,27.203041549386878,13.038498878479004
35.68242325176171,27.234525260434857,13.986865043640137
35.67207228025766,27.44098614145813,12.287306785583496
35.798878729677895,27.593213534505537,13.143651962280273
35.66301542272881,27.64137277323806,8.080721855163574
34.52266490650458,26.87897344953694,11.845634460449219
34.29540121795787,26.923276690227144,13.962589263916016
34.4558743501354,27.057849021401946,13.321971893310547
34.882805923802074,27.139518137220907,12.931305885314941
34.05537253068206,26.99427612311196,13.392437934875488
34.274886554711465,27.26832015502328,12.123822212219238
34.407835934526396,27.280317484721095,13.740222930908203
34.459022523713756,27.45657680632315,13.02370548248291
34.764108309934315,27.585440832921137,13.64699649810791
35.235447270594776,27.359723364466742,7.423530101776123
35.46437343946666,27.587473493907137,13.254312515258789
35.23481311369524,27.663156078643322,13.519697189331055
35.300944413614765,27.844338089238196,10.958576202392578
34.917588691966856,28.003967535237194,13.094137191772461
34.97855505167394,28.062938315278032,13.475793838500977
37.244578119575955,26.932780133323508,12.893129348754883
36.77920717305014,27.195570825875457,13.93017578125
36.91289791333747,27.324799598902832,9.097785949707031
36.91896374765366,27.40798711783629,13.170332908630371
36.77933961064661,27.42667666661854,13.683480262756348
36.590936155531146,27.48992472252543,12.953666687011719
35.94354372939676,25.06102177962641,12.838273048400879
35.30034044744569,25.054809235555698,13.9270601272583
35.817943831079546,25.26080722953188,13.086868286132812
35.55958995361918,25.46287249708317,12.836978912353516
34.94128734502099,25.114863850212853,13.7561616897583
34.947033521435195,25.299508651006672,10.466865539550781
34.73019166072597,25.532328452731747,13.272103309631348
35.19228185519099,25.479277549687662,12.694799423217773
35.296481649647696,25.506389276683976,13.750733375549316
34.96335283427218,25.694667004076265,11.933080673217773
35.08339221288938,25.774664922202536,13.68787956237793
36.290290514888625,25.219432672778666,13.34134578704834
36.1110526054824,25.27850441464839,13.370462417602539
36.23870973982915,25.431187367412555,13.481254577636719
36.82364299135276,25.692003004995712,13.762110710144043
36.6942722708162,25.734741119818814,13.528590202331543
36.37919185533865,25.573690968732098,13.611408233642578
36.56082191258501,25.707393328417346,12.27551555633545
36.77334235009365,26.078098718615742,13.202146530151367
37.291268367412535,26.306948893685178,13.818109512329102
37.296454541283076,26.32267059864003,13.780685424804688
37.308970793326985,26.53926312892193,12.269196510314941
35.81288577986765,25.672516567336892,13.281327247619629
36.25922748394,25.66601732045523,10.798439979553223
36.46764139601096,26.01699522848717,13.744091033935547
35.705645562581296,25.99570880113251,13.06767749786377
35.70072278325755,26.01720304121542,12.131744384765625
35.59752572119409,26.07961057595544,12.6947660446167
36.58987414336928,26.085546720877733,11.915275573730469
36.589899345139486,26.350651464266093,12.987091064453125
36.895148161633216,26.301827690712326,13.974474906921387
36.75810097094927,26.7097682510011,10.582221984863281
36.39879441478478,26.631543004203753,12.308610916137695
36.60433848277405,26.737449938337853,13.755950927734375
36.50245346407826,26.75381202620928,13.354142189025879
36.84260671300534,27.00191484099329,13.79849624633789
36.48443001842274,26.944597697749646,12.900178909301758
34.638123914083906,25.53188901867288,11.863760948181152
34.670527498452095,25.57289017384035,11.599372863769531
34.34499882433063,25.576462507166557,13.892176628112793
34.278104123767505,25.81979882612237,13.029631614685059
34.02050699970038,26.05322253529507,11.592999458312988
33.980488164029715,26.1277970003428,12.8295316696167
34.075920574003845,26.3366740455894,11.389636993408203
34.09266949003823,26.9193970108677,13.174077987670898
33.98398894336616,26.993599696464795,11.199474334716797
35.088923627444764,26.345557832784735,13.25473690032959
35.60285128843169,26.50051628939528,10.176389694213867
35.5337684646999,26.74251618458484,13.873659133911133
35.28200496383154,26.782190536232697,13.756863594055176
35.18411917316378,26.77135256146097,12.613950729370117
35.26526583619757,27.03894227425086,12.97679328918457
35.053682982240765,26.966760059139727,10.91838264465332
34.93065246239182,26.990674864787245,13.379175186157227
35.85139437870802,26.627443514338683,13.138873100280762
36.084939822459084,27.056979100079204,12.019391059875488
35.56003586498369,26.936784487033407,11.768228530883789
36.39994048313641,27.393734450476536,13.229080200195312
36.057179081191016,27.21664388281255,13.841508865356445
35.532557629406625,27.090317830064716,11.613922119140625
35.639209176798666,27.35345808074613,12.585609436035156
35.2973308859327,27.318570302539246,12.089381217956543
35.560357858621785,27.451913772309023,13.986065864562988
35.57103770769286,27.571829165748994,10.148235321044922
35.98381899119759,27.763653580429313,12.127361297607422
34.480302511048905,26.64852364249803,12.226240158081055
34.75750853951643,26.97204631461862,12.658376693725586
34.61889750702191,27.029183109683157,13.767663955688477
34.38556969124041,26.91419006735411,12.479825973510742
34.343457291098275,27.050613579576527,13.613369941711426
34.41524179855213,27.184584545064364,10.915207862854004
34.91602034249509,27.24843674844464,13.663822174072266
34.62849990427358,27.331304446987275,11.30441951751709
34.83982811470095,27.578012673337646,13.662853240966797
34.0890597120734,27.275036331079704,13.017967224121094
34.23508735080725,27.412348862496604,10.216464042663574
34.34935692780216,27.53721504505885,13.262689590454102
34.40146960797463,27.72809143357845,13.290936470031738
35.18265673767312,27.733583784973455,13.263148307800293
35.23978607696555,27.83416475400258,13.00865364074707
35.682760333075166,27.88506167090686,13.483827590942383
35.68823967892906,27.957831831054815,12.79200267791748
34.66086405941016,27.894402804220405,12.882772445678711
34.87478633657061,28.02097983428481,13.021808624267578
37.25353431233794,26.72052793324658,10.07918643951416
36.9626480279253,27.087868698361074,13.021620750427246
36.93520671797122,27.177739530733067,9.748934745788574
36.880300913330196,27.281646459506696,13.278717041015625
36.57040423919941,27.285569788194913,13.909815788269043
36.83298942935974,27.628685864594605,13.402973175048828
36.32815629708417,27.673726184600586,12.724543571472168
36.40440241349051,27.7360861457845,13.782648086547852
36.299694828259256,27.79672658828599,12.475456237792969
36.298175542714084,27.92668510293617,12.22138786315918
35.92582633506578,27.954667219705353,13.9771089553833
